**Modified Ultimate Frisbee Game Data**,,,,,,,,,
,,,,,,,,,
**Game 1**,,,,,,,,,
Point in Game by Player,Started on offense/defense (O = 1, D = 0),# of Uncompleted Throws,# of Completed Throws,# of Catches,# of Drops (hits body but not completed catch),# of Forced Ds (stalled out opponent or block),Assist,Score,Line won (T = 1, F = 0)
1,,1,,,,,,,1
Chooch,1,1,3,2,0,1,0,0,1
Rook,1,0,2,1,0,0,0,0,1
Bones,1,0,1,2,1,0,0,0,1
Teezo,1,0,2,1,0,0,0,0,1
Babe,1,1,0,2,0,0,0,0,1
Ness,1,0,1,1,0,0,0,0,1
Edna Mode,1,0,2,1,0,0,1,1,1
2,,0,,,,,,,0
Snooze,0,1,2,0,0,0,0,0,0
Swiper,0,0,1,2,1,0,0,0,0
PJ,0,0,2,1,0,0,0,0,0
Romeo,0,1,0,2,0,0,0,0,0
Vogue,0,0,1,1,0,0,0,0,0
Muffin,0,0,2,1,0,0,0,0,0
Scuzz,0,0,1,1,0,0,0,0,0
3,,1,,,,,,,1
Lulu,1,0,2,1,0,0,0,0,1
Jimmy Dean,1,1,1,0,0,1,0,0,1
Zest,1,0,1,2,0,0,0,0,1
Exxpo,1,0,2,1,0,0,1,0,1
Stoffel,1,0,1,2,0,0,0,1,1
Forp,1,1,0,1,0,0,0,0,1
Pam,1,0,1,1,1,0,0,0,1
4,,0,,,,,,,0
Chooch,0,0,3,1,0,0,0,0,0
Rook,0,1,1,0,0,1,0,0,0
Bones,0,0,2,1,0,0,0,0,0
Teezo,0,0,1,2,0,0,0,0,0
Babe,0,0,0,2,1,0,0,0,0
Ness,0,1,1,1,0,0,0,0,0
Edna Mode,0,0,2,1,0,0,0,0,0
5,,1,,,,,,,1
Snooze,1,0,2,1,0,0,0,0,1
Swiper,1,1,1,0,0,0,0,0,1
PJ,1,0,2,1,0,1,1,0,1
Romeo,1,0,1,2,0,0,0,1,1
Vogue,1,0,0,2,1,0,0,0,1
Muffin,1,0,2,1,0,0,0,0,1
Scuzz,1,1,1,0,0,0,0,0,1
6,,0,,,,,,,0
Lulu,0,0,2,1,0,0,0,0,0
Jimmy Dean,0,1,1,0,0,0,0,0,0
Zest,0,0,1,2,0,0,0,0,0
Exxpo,0,0,2,1,0,0,0,0,0
Stoffel,0,0,1,2,0,0,0,0,0
Forp,0,1,0,1,0,0,0,0,0
Pam,0,0,1,1,0,0,0,0,0
7,,1,,,,,,,1
Chooch,1,0,2,1,0,1,0,0,1
Rook,1,1,1,0,0,0,0,0,1
Bones,1,0,2,1,0,0,0,0,1
Teezo,1,0,1,2,0,0,0,0,1
Babe,1,0,0,2,1,0,0,0,1
Ness,1,0,2,1,0,0,1,0,1
Romeo,1,0,1,1,0,0,0,1,1
8,,0,,,,,,,1
Snooze,0,0,2,1,0,1,0,0,1
Swiper,0,1,1,0,0,0,0,0,1
PJ,0,0,2,1,0,0,0,0,1
Romeo,0,0,0,2,0,0,0,0,1
Vogue,0,0,1,2,0,0,0,0,1
Muffin,0,0,2,1,1,0,1,0,1
Scuzz,0,1,1,0,0,0,0,1,1
9,,0,,,,,,,0
Lulu,0,0,2,1,0,0,0,0,0
Jimmy Dean,0,1,0,0,0,0,0,0,0
Zest,0,0,1,2,0,0,0,0,0
Exxpo,0,0,2,1,0,0,0,0,0
Stoffel,0,0,1,2,1,0,0,0,0
Forp,0,1,1,0,0,0,0,0,0
Pam,0,0,1,1,0,0,0,0,0
10,,1,,,,,,,1
Chooch,1,0,2,1,0,0,0,0,1
Rook,1,0,1,1,0,1,0,0,1
Bones,1,1,2,0,0,0,0,0,1
Teezo,1,0,1,2,0,0,1,0,1
Babe,1,0,0,2,0,0,0,1,1
Ness,1,0,2,1,1,0,0,0,1
Edna Mode,1,0,1,1,0,0,0,0,1
11,,0,,,,,,,1
Snooze,0,0,2,1,0,0,0,0,1
Swiper,0,1,1,0,0,0,0,0,1
PJ,0,0,2,1,0,1,0,0,1
Romeo,0,0,0,2,0,0,1,0,1
Vogue,0,0,1,2,0,0,0,1,1
Muffin,0,0,2,1,1,0,0,0,1
Scuzz,0,0,1,0,0,0,0,0,1
12,,0,,,,,,,0
Lulu,0,1,2,0,0,0,0,0,0
Jimmy Dean,0,0,0,1,0,0,0,0,0
Zest,0,0,1,2,0,0,0,0,0
Exxpo,0,0,2,1,1,0,0,0,0
Stoffel,0,0,1,2,0,0,0,0,0
Forp,0,1,1,0,0,0,0,0,0
Babe,0,0,1,1,0,0,0,0,0
13,,1,,,,,,,1
Chooch,1,0,2,1,0,0,0,0,1
Rook,1,0,1,1,0,0,1,0,1
Bones,1,1,2,0,0,1,0,0,1
Teezo,1,0,1,2,0,0,0,1,1
Babe,1,0,0,2,0,0,0,0,1
Ness,1,0,2,1,0,0,0,0,1
Edna Mode,1,0,1,1,0,0,0,0,1
14,,0,,,,,,,1
Snooze,0,0,2,1,0,0,0,0,1
Swiper,0,0,1,0,0,1,0,0,1
PJ,0,1,2,1,0,0,0,0,1
Romeo,0,0,0,2,0,0,0,0,1
Vogue,0,0,1,2,0,0,1,0,1
Muffin,0,0,2,1,0,0,0,1,1
Scuzz,0,0,1,0,1,0,0,0,1
15,,0,,,,,,,0
Lulu,0,1,2,0,0,0,0,0,0
Jimmy Dean,0,0,0,1,0,0,0,0,0
Zest,0,0,1,2,0,0,0,0,0
Exxpo,0,0,2,1,0,0,0,0,0
Stoffel,0,0,1,2,1,0,0,0,0
Forp,0,0,1,0,0,0,0,0,0
Pam,0,1,1,1,0,0,0,0,0
16,,1,,,,,,,1
Chooch,1,0,2,1,0,0,0,0,1
Rook,1,0,1,1,0,0,0,0,1
Bones,1,0,2,0,0,0,0,0,1
Teezo,1,1,1,2,0,1,1,0,1
Babe,1,0,0,2,0,0,0,1,1
Ness,1,0,2,1,0,0,0,0,1
Edna Mode,1,0,1,1,1,0,0,0,1
17,,0,,,,,,,1
Snooze,0,0,2,1,0,0,0,0,1
Swiper,0,0,1,0,0,0,0,0,1
PJ,0,0,2,1,0,1,0,0,1
Romeo,0,1,0,2,0,0,0,0,1
Vogue,0,0,1,2,0,0,1,0,1
Muffin,0,0,2,1,0,0,0,1,1
Scuzz,0,0,1,0,1,0,0,0,1
18,,0,,,,,,,0
Lulu,0,1,2,0,0,0,0,0,0
Jimmy Dean,0,0,0,1,0,0,0,0,0
Zest,0,0,1,2,0,0,0,0,0
Exxpo,0,0,2,1,0,0,0,0,0
Stoffel,0,0,1,2,1,0,0,0,0
Forp,0,0,1,0,0,0,0,0,0
Pam,0,1,1,1,0,0,0,0,0
19,,1,,,,,,,0
Chooch,1,0,2,1,0,0,0,0,0
Rook,1,0,1,1,0,0,0,0,0
Bones,1,1,2,0,0,0,0,0,0
Teezo,1,0,1,2,0,0,0,0,0
Babe,1,0,0,2,1,0,0,0,0
Ness,1,0,2,1,0,0,0,0,0
Swiper,1,0,1,1,0,0,0,0,0
20,,1,,,,,,,0
Snooze,1,0,2,1,0,0,0,0,0
PJ,1,0,1,0,0,0,0,0,0
Romeo,1,1,2,1,0,0,0,0,0
Vogue,1,0,0,2,0,0,0,0,0
Muffin,1,0,1,2,1,0,0,0,0
Scuzz,1,0,2,1,0,0,0,0,0
Bones,1,0,1,0,0,0,0,0,0
21,,1,,,,,,,1
Lulu,1,0,2,0,0,0,0,0,1
Jimmy Dean,1,1,0,1,0,0,0,0,1
Zest,1,0,1,2,0,1,0,1,1
Exxpo,1,0,2,1,0,0,0,0,1
Stoffel,1,0,1,2,0,0,1,0,1
Forp,1,0,1,0,1,0,0,0,1
Pam,1,0,1,1,0,0,0,0,1
22,,0,,,,,,,1
Chooch,0,0,2,1,0,0,0,0,1
Rook,0,0,1,1,0,1,0,0,1
Bones,0,1,2,0,0,0,0,0,1
Teezo,0,0,1,2,0,0,0,0,1
Babe,0,0,0,2,0,0,0,0,1
Ness,0,0,2,1,0,0,1,0,1
Edna Mode,0,0,1,1,1,0,0,1,1
,,,,,,,,,
**Game 2**,,,,,,,,,
Point in Game by Player,Started on offense/defense (O = 1, D = 0),# of Uncompleted Throws,# of Completed Throws,# of Catches,# of Drops (hits body but not completed catch),# of Forced Ds (stalled out opponent or block),Assist,Score,Line won (T = 1, F = 0)
1,,,,,,,,,1
Chooch,1,2,5,5,0,0,1,0,1
Rook,1,0,2,3,1,2,0,0,1
Bones,1,0,1,2,0,2,0,0,1
Teezo,1,2,2,1,0,0,0,0,1
Babe,1,0,1,0,0,0,0,0,1
Ness,1,1,0,2,0,1,0,0,1
Edna Mode,1,1,4,2,1,0,0,1,1
2,,,,,,,,,1
Snooze,0,1,3,2,0,1,1,0,1
Swiper,0,0,0,0,0,0,0,0,1
PJ,0,1,2,3,0,0,0,1,1
Romeo,0,0,0,0,0,0,0,0,1
Vogue,0,0,0,1,1,0,0,0,1
Muffin,0,0,1,0,0,0,0,0,1
Scuzz,0,0,0,0,0,0,0,0,1
3,,,,,,,,,0
Lulu,0,1,0,1,0,2,0,0,0
Jimmy Dean,0,0,0,0,0,0,0,0,0
Zest,0,0,2,1,1,0,0,0,0
Exxpo,0,1,0,0,1,1,0,0,0
Pam,0,0,0,0,0,0,0,0,0
Forp,0,0,0,0,0,0,0,0,0
Stoffel,0,0,0,0,0,0,0,0,0
4,1,,,,,,,,1
Chooch,1,1,3,0,0,0,0,0,1
Rook,1,0,2,1,0,1,0,0,1
Bones,1,0,1,2,0,0,0,0,1
Teezo,1,0,0,3,0,1,0,0,1
Babe,1,0,1,2,0,0,0,0,1
Ness,1,1,2,0,1,0,1,0,1
Edna Mode,1,0,1,1,0,0,0,1,1
5,0,,,,,,,,0
Snooze,0,1,3,0,0,1,0,0,0
Swiper,0,0,2,1,0,0,0,0,0
PJ,0,0,1,1,0,0,0,0,0
Romeo,0,0,1,1,0,0,0,0,0
Vogue,0,0,1,2,0,0,0,0,0
Muffin,0,1,2,1,1,0,0,0,0
Scuzz,0,0,1,2,0,0,0,0,0
6,1,,,,,,,,1
Lulu,1,0,2,1,0,0,0,0,1
Jimmy Dean,1,1,3,0,0,1,0,0,1
Zest,1,0,0,2,0,0,0,0,1
Exxpo,1,0,1,2,0,0,0,0,1
Pam,1,0,1,2,0,0,0,0,1
Burro,1,0,0,2,0,0,0,0,1
Babe,1,0,1,1,0,0,1,1,1
7,0,,,,,,,,0
Chooch,0,1,3,0,0,1,0,0,0
Rook,0,0,2,0,1,0,0,0,0
Bones,0,0,0,2,0,0,0,0,0
Teezo,0,0,1,2,0,0,0,0,0
Muffin,0,0,1,2,0,0,0,0,0
Edna Mode,0,1,2,0,0,0,0,0,0
Burro,0,0,1,1,0,0,0,0,0
8,1,,,,,,,,1
Snooze,1,1,3,0,0,1,0,0,1
Swiper,1,0,2,1,0,0,0,0,1
PJ,1,0,0,2,0,1,0,0,1
Romeo,1,0,1,2,0,0,0,0,1
Vogue,1,0,0,3,0,0,1,0,1
Muffin,1,0,1,1,0,0,0,1,1
Scuzz,1,1,2,0,0,0,0,0,1
9,0,,,,,,,,1
Lulu,0,0,2,1,0,0,0,0,1
Jimmy Dean,0,1,3,0,0,1,0,0,1
Stoffel,0,0,1,2,0,0,0,0,1
Forp,0,0,1,2,0,0,0,0,1
Edna Mode,0,0,0,3,0,0,1,0,1
Rook,0,1,2,0,0,0,0,0,1
Zest,0,0,0,2,0,0,0,1,1
10,0,,,,,,,,0
Chooch,0,0,3,0,0,1,0,0,0
Rook,0,1,2,0,0,0,0,0,0
Bones,0,0,1,1,0,0,0,0,0
Teezo,0,0,0,3,0,0,0,0,0
Ness,0,1,2,0,0,0,0,0,0
Edna Mode,0,0,1,1,0,0,0,0,0
Muffin,0,1,2,0,0,0,0,0,0
11,1,,,,,,,,1
Snooze,1,1,3,0,0,1,0,0,1
Swiper,1,0,2,1,0,0,0,0,1
PJ,1,0,0,3,0,0,0,0,1
Romeo,1,0,1,2,0,0,0,0,1
Vogue,1,1,2,0,0,0,0,0,1
Muffin,1,0,1,1,0,0,1,0,1
Scuzz,1,0,2,1,0,0,0,1,1
12,0,,,,,,,,1
Lulu,0,0,2,1,0,0,0,0,1
Jimmy Dean,0,1,2,0,0,1,0,0,1
Zest,0,0,1,2,0,0,0,0,1
Stoffel,0,0,2,1,0,0,0,0,1
Forp,0,0,1,1,0,0,0,0,1
Pam,0,0,0,3,0,0,1,0,1
Edna Mode,0,1,2,0,0,0,0,1,1
13,1,,,,,,,,0
Chooch,1,0,3,1,0,0,0,0,0
Rook,1,1,2,0,0,0,0,0,0
Bones,1,0,1,2,1,0,0,0,0
Teezo,1,1,0,2,0,0,0,0,0
Babe,1,0,2,1,0,0,0,0,0
Ness,1,0,1,2,0,0,0,0,0
Edna Mode,1,0,2,1,0,0,0,0,0
14,0,,,,,,,,1
Snooze,0,0,2,1,0,1,0,0,1
Swiper,0,0,1,2,0,0,0,0,1
PJ,0,1,2,0,0,1,0,0,1
Romeo,0,0,1,2,0,0,0,0,1
Vogue,0,0,2,1,0,0,1,0,1
Muffin,0,1,0,2,1,0,0,1,1
Scuzz,0,0,1,1,0,0,0,0,1
15,1,,,,,,,,0
Lulu,1,1,2,0,0,0,0,0,0
Jimmy Dean,1,0,1,2,0,0,0,0,0
Zest,1,0,0,2,1,0,0,0,0
Stoffel,1,0,2,1,0,0,0,0,0
Forp,1,1,1,0,0,0,0,0,0
Pam,1,0,1,2,0,0,0,0,0
Burro,1,0,1,1,0,0,0,0,0
16,0,,,,,,,,1
Chooch,0,0,2,1,0,0,0,0,1
Rook,0,1,1,1,0,1,0,0,1
Bones,0,0,2,0,0,0,0,0,1
Teezo,0,0,1,2,0,0,0,0,1
Ness,0,0,1,2,0,0,1,0,1
Edna Mode,0,0,2,1,0,0,0,1,1
Scuzz,0,1,0,1,1,0,0,0,1
17,1,,,,,,,,1
Snooze,1,0,2,1,0,0,0,0,1
Swiper,1,1,1,0,0,0,0,0,1
PJ,1,0,2,1,0,0,0,0,1
Romeo,1,0,1,2,0,0,0,0,1
Vogue,1,0,0,2,0,1,1,0,1
Muffin,1,0,1,1,0,0,0,1,1
Zest,1,0,2,1,0,0,0,0,1
18,1,,,,,,,,0
Lulu,1,1,1,0,0,0,0,0,0
Jimmy Dean,1,0,2,1,0,0,0,0,0
Exxpo,1,0,1,2,1,0,0,0,0
Stoffel,1,0,0,2,0,0,0,0,0
Forp,1,1,2,0,0,0,0,0,0
Pam,1,0,1,1,0,0,0,0,0
Teezo,1,0,1,2,0,0,0,0,0
19,0,,,,,,,,0
Chooch,0,0,2,1,0,0,0,0,0
Rook,0,1,1,0,0,0,0,0,0
Bones,0,0,1,2,0,0,0,0,0
Babe,0,0,2,1,1,0,0,0,0
Ness,0,1,0,1,0,0,0,0,0
Edna Mode,0,0,2,1,0,0,0,0,0
PJ,0,0,1,2,0,0,0,0,0
20,0,,,,,,,,1
Snooze,0,0,2,1,0,0,0,0,1
Swiper,0,1,1,1,0,1,1,0,1
PJ,0,0,2,0,0,0,0,0,1
Romeo,0,0,1,2,0,0,0,0,1
Vogue,0,0,1,2,0,0,0,1,1
Muffin,0,0,2,1,0,0,0,0,1
Scuzz,0,1,0,1,0,0,0,0,1
21,1,,,,,,,,0
Lulu,1,0,2,1,0,0,0,0,0
Jimmy Dean,1,1,0,1,0,0,0,0,0
Zest,1,0,2,0,0,0,0,0,0
Exxpo,1,0,1,2,1,0,0,0,0
Forp,1,0,1,2,0,0,0,0,0
Pam,1,1,1,0,0,0,0,0,0
Edna Mode,1,0,2,1,0,0,0,0,0
22,0,,,,,,,,1
Chooch,0,0,1,2,0,0,0,0,1
Rook,0,0,2,1,0,1,1,0,1
Bones,0,1,1,0,0,0,0,0,1
Teezo,0,0,2,1,0,0,0,0,1
Babe,0,0,1,2,0,0,0,0,1
Ness,0,0,1,1,0,0,0,0,1
Burro,0,1,0,1,1,0,0,1,1
,,,,,,,,,
**Modified Ultimate Frisbee Game Data**,,,,,,,,,
,,,,,,,,,
**Game 3**,,,,,,,,,
,,,,,,,,,
Point in Game by Player,Started on offense/defense (O = 1, D = 0),# of Uncompleted Throws,# of Completed Throws,# of Catches,# of Drops (hits body but not completed catch),# of Forced Ds (stalled out opponent or block),Assist,Score,Line won (T = 1, F = 0)
1,1,,,,,,,,0
Chooch,1,1,2,1,0,0,0,0,0
Rook,1,2,3,0,0,0,0,0,0
Bones,1,0,2,1,1,0,0,0,0
Teezo,1,0,1,3,1,1,0,0,0
Babe,1,0,0,1,1,1,0,0,0
Ness,1,0,0,2,1,1,0,0,0
Edna Mode,1,0,1,3,1,1,0,0,0
2,1,,,,,,,,1
Swiper,1,0,2,2,0,1,0,0,1
Jimmy Dean,1,1,3,2,1,1,0,0,1
Zest,1,0,1,1,1,0,0,0,1
Chooch,1,2,4,2,1,1,0,0,1
Edna Mode,1,0,2,2,1,0,1,0,1
Forp,1,0,0,1,1,0,0,1,1
Stoffel,1,0,0,2,0,1,0,0,1
3,0,,,,,,,,1
Snooze,0,1,4,2,1,1,0,0,1
Swiper,0,2,3,0,1,1,0,0,1
PJ,0,0,0,1,1,1,0,0,1
Romeo,0,0,1,2,0,0,0,0,1
Vogue,0,0,2,1,0,1,1,0,1
Muffin,0,0,0,2,1,0,0,1,1
Scuzz,0,0,1,2,0,0,0,0,1
4,0,,,,,,,,0
Chooch,0,1,3,1,1,1,0,0,0
Rook,0,1,2,1,1,0,0,0,0
Bones,0,0,1,3,0,1,0,0,0
Teezo,0,0,2,2,1,0,0,0,0
Babe,0,0,2,2,0,0,0,0,0
Ness,0,0,1,1,0,0,0,0,0
Edna Mode,0,0,1,1,1,1,0,0,0
5,1,,,,,,,,0
Lulu,1,2,2,0,0,0,0,0,0
Jimmy Dean,1,2,3,2,0,1,0,0,0
Vogue,1,0,0,2,0,0,0,0,0
Exxpo,1,0,2,3,0,1,0,0,0
Pam,1,0,0,3,1,0,0,0,0
Forp,1,0,2,1,1,1,0,0,0
Stoffel,1,0,2,1,0,0,0,0,0
6,1,,,,,,,,0
Lulu,1,2,3,1,1,1,0,0,0
Jimmy Dean,1,1,2,1,0,0,0,0,0
Zest,1,0,0,3,0,0,0,0,0
Exxpo,1,0,1,2,0,0,0,0,0
Pam,1,0,2,3,1,0,0,0,0
Forp,1,0,0,1,0,0,0,0,0
Stoffel,1,0,0,1,1,1,0,0,0
7,1,,,,,,,,0
Lulu,1,2,4,2,1,0,0,0,0
Jimmy Dean,1,2,2,0,0,0,0,0,0
Zest,1,0,2,3,0,1,0,0,0
Exxpo,1,0,1,3,0,0,0,0,0
Pam,1,0,0,1,1,0,0,0,0
Forp,1,0,2,1,1,1,0,0,0
Stoffel,1,0,1,1,0,1,0,0,0
8,1,,,,,,,,1
Lulu,1,1,2,1,1,0,0,0,1
Jimmy Dean,1,2,3,2,0,1,0,0,1
Zest,1,0,1,3,1,1,0,0,1
Exxpo,1,0,1,2,0,0,0,0,1
Pam,1,0,2,1,0,0,1,0,1
Forp,1,0,0,1,1,0,0,1,1
Stoffel,1,0,2,2,1,1,0,0,1
9,0,,,,,,,,1
Chooch,0,0,4,1,1,1,0,0,1
Rook,0,2,3,1,1,1,0,0,1
Bones,0,0,0,1,1,0,0,0,1
Teezo,0,0,0,3,1,1,0,0,1
Babe,0,0,2,1,1,1,1,0,1
Ness,0,0,0,1,1,1,0,1,1
Edna Mode,0,0,1,2,0,1,0,0,1
10,0,,,,,,,,1
Lulu,0,2,2,0,0,1,0,0,1
Jimmy Dean,0,1,3,0,1,0,0,0,1
Zest,0,0,1,1,1,1,0,0,1
Exxpo,0,0,0,2,0,1,0,0,1
PJ,0,0,1,1,1,0,0,0,1
Chooch,0,1,3,2,0,0,1,0,1
Stoffel,0,0,0,2,0,1,0,1,1
11,0,,,,,,,,0
Snooze,0,1,4,2,1,0,0,0,0
Swiper,0,1,4,0,1,1,0,0,0
Ness,0,0,0,2,1,1,0,0,0
Edna Mode,0,0,0,3,1,0,0,0,0
Vogue,0,0,0,2,1,1,0,0,0
Muffin,0,0,2,1,0,0,0,0,0
Scuzz,0,0,0,1,0,1,0,0,0
12,1,,,,,,,,0
Chooch,1,0,4,1,1,0,0,0,0
Rook,1,2,3,0,1,1,0,0,0
Bones,1,0,1,1,0,1,0,0,0
Teezo,1,0,1,2,0,0,0,0,0
Babe,1,0,1,3,0,0,0,0,0
Ness,1,0,2,2,1,0,0,0,0
Edna Mode,1,0,0,2,0,0,0,0,0
13,1,,,,,,,,0
Snooze,1,2,4,1,1,0,0,0,0
Rook,1,2,3,0,1,1,0,0,0
Bones,1,0,0,2,0,1,0,0,0
Teezo,1,0,1,2,0,1,0,0,0
Muffin,1,0,0,1,0,1,0,0,0
Ness,1,0,1,1,1,1,0,0,0
Edna Mode,1,0,1,2,1,0,0,0,0
14,1,,,,,,,,1
Rook,1,0,2,0,1,1,0,0,1
Swiper,1,2,2,1,0,1,0,0,1
Exxpo,1,0,2,1,0,0,0,0,1
Romeo,1,0,0,2,0,1,0,0,1
Vogue,1,0,0,2,0,0,0,0,1
Muffin,1,0,0,1,0,1,1,0,1
Scuzz,1,0,1,3,1,0,0,1,1
15,0,,,,,,,,1
Lulu,0,2,4,1,0,1,0,0,1
Vogue,0,0,1,2,1,0,0,0,1
Zest,0,0,2,1,1,0,0,0,1
Exxpo,0,0,2,3,1,1,1,0,1
Edna Mode,0,0,0,1,1,1,0,0,1
Forp,0,0,1,3,1,1,0,1,1
Burro,0,0,0,1,1,0,0,0,1
16,0,,,,,,,,0
Lulu,0,1,2,0,1,1,0,0,0
Jimmy Dean,0,2,4,0,1,1,0,0,0
Romeo,0,0,1,1,0,0,0,0,0
Exxpo,0,0,0,3,0,1,0,0,0
Pam,0,0,0,2,0,1,0,0,0
Forp,0,0,0,1,0,0,0,0,0
Stoffel,0,0,0,3,0,1,0,0,0
17,1,,,,,,,,1
Lulu,1,1,2,0,0,1,0,0,1
Jimmy Dean,1,1,3,1,0,0,0,0,1
PJ,1,0,2,2,1,0,0,0,1
Romeo,1,0,1,3,0,0,0,0,1
Vogue,1,0,2,1,0,1,1,0,1
Forp,1,0,2,2,1,1,0,1,1
Scuzz,1,0,0,2,1,1,0,0,1
18,0,,,,,,,,1
Lulu,0,0,2,0,0,0,0,0,1
Jimmy Dean,0,2,3,1,1,0,0,0,1
Zest,0,0,1,1,1,0,0,0,1
Exxpo,0,0,1,1,0,0,0,0,1
Pam,0,0,2,3,0,1,1,0,1
Forp,0,0,2,3,0,1,0,1,1
Stoffel,0,0,1,1,1,0,0,0,1
19,0,,,,,,,,1
Lulu,0,2,2,1,0,1,0,0,1
PJ,0,0,1,2,0,0,0,0,1
Zest,0,0,2,2,1,0,0,0,1
Romeo,0,0,0,1,1,1,0,0,1
Scuzz,0,0,1,3,0,1,1,0,1
Forp,0,0,1,2,0,1,0,1,1
Stoffel,0,0,1,1,0,0,0,0,1
20,0,,,,,,,,1
Snooze,0,1,2,0,1,1,0,0,1
Swiper,0,1,2,1,1,0,0,0,1
PJ,0,0,0,3,1,0,0,0,1
Romeo,0,0,2,2,0,0,1,0,1
Vogue,0,0,0,1,0,0,0,1,1
Rook,0,2,4,2,0,0,0,0,1
Scuzz,0,0,2,3,1,1,0,0,1
21,0,,,,,,,,1
Chooch,0,0,2,1,1,1,0,0,1
Rook,0,2,4,1,0,0,1,0,1
Bones,0,0,0,2,0,0,0,1,1
Teezo,0,0,1,2,1,0,0,0,1
Babe,0,0,1,1,1,0,0,0,1
Ness,0,0,2,3,0,1,0,0,1
Edna Mode,0,0,1,1,0,0,0,0,1
22,0,,,,,,,,0
Snooze,0,2,2,2,1,1,0,0,0
Swiper,0,0,4,2,1,1,0,0,0
PJ,0,0,0,3,1,1,0,0,0
Romeo,0,0,1,2,0,1,0,0,0
Vogue,0,0,1,1,1,1,0,0,0
Muffin,0,0,2,1,0,1,0,0,0
Scuzz,0,0,2,1,1,0,0,0,0
23,1,,,,,,,,0
Snooze,1,2,2,1,0,0,0,0,0
Swiper,1,1,2,0,0,0,0,0,0
Burro,1,0,0,3,1,1,0,0,0
Forp,1,0,0,2,1,0,0,0,0
Vogue,1,0,2,1,0,0,0,0,0
Muffin,1,0,1,1,1,1,0,0,0
Rook,1,1,2,1,0,1,0,0,0
24,1,,,,,,,,1
Snooze,1,0,2,1,0,0,0,0,1
Swiper,1,2,4,0,0,1,0,0,1
PJ,1,0,2,2,1,1,0,0,1
Romeo,1,0,1,3,1,0,0,0,1
Vogue,1,0,0,1,0,1,0,0,1
Muffin,1,0,1,2,0,1,1,0,1
Scuzz,1,0,1,1,1,1,0,1,1
,,,,,,,,,
**Game 4**,,,,,,,,,
,,,,,,,,,
Point in Game by Player,Started on offense/defense (O = 1, D = 0),# of Uncompleted Throws,# of Completed Throws,# of Catches,# of Drops (hits body but not completed catch),# of Forced Ds (stalled out opponent or block),Assist,Score,Line won (T = 1, F = 0)
1,1,,,,,,,,0
Chooch,1,1,2,1,0,0,0,0,0
Rook,1,2,3,0,0,0,0,0,0
Bones,1,0,2,1,1,0,0,0,0
Teezo,1,0,1,3,1,1,0,0,0
Babe,1,0,0,1,1,1,0,0,0
Ness,1,0,0,2,1,1,0,0,0
Edna Mode,1,0,1,3,1,1,0,0,0
2,1,,,,,,,,1
Swiper,1,0,2,2,0,1,0,0,1
Jimmy Dean,1,1,3,2,1,1,0,0,1
Zest,1,0,1,1,1,0,0,0,1
Chooch,1,2,4,2,1,1,1,0,1
Edna Mode,1,0,2,2,1,0,0,1,1
Forp,1,0,0,1,1,0,0,0,1
Stoffel,1,0,0,2,0,1,0,0,1
3,0,,,,,,,,1
Snooze,0,1,4,2,1,1,0,0,1
Swiper,0,2,3,0,1,1,0,0,1
PJ,0,0,0,1,1,1,0,0,1
Romeo,0,0,1,2,0,0,0,0,1
Vogue,0,0,2,1,0,1,1,0,1
Muffin,0,0,0,2,1,0,0,1,1
Scuzz,0,0,1,2,0,0,0,0,1
4,0,,,,,,,,0
Chooch,0,1,3,1,1,1,0,0,0
Rook,0,1,2,1,1,0,0,0,0
Bones,0,0,1,3,0,1,0,0,0
Teezo,0,0,2,2,1,0,0,0,0
Babe,0,0,2,2,0,0,0,0,0
Ness,0,0,1,1,0,0,0,0,0
Edna Mode,0,0,1,1,1,1,0,0,0
5,1,,,,,,,,0
Lulu,1,2,2,0,0,0,0,0,0
Jimmy Dean,1,2,3,2,0,1,0,0,0
Vogue,1,0,0,2,0,0,0,0,0
Exxpo,1,0,2,3,0,1,0,0,0
Pam,1,0,0,3,1,0,0,0,0
Forp,1,0,2,1,1,1,0,0,0
Stoffel,1,0,2,1,0,0,0,0,0
6,1,,,,,,,,0
Lulu,1,2,3,1,1,1,0,0,0
Jimmy Dean,1,1,2,1,0,0,0,0,0
Zest,1,0,0,3,0,0,0,0,0
Exxpo,1,0,1,2,0,0,0,0,0
Pam,1,0,2,3,1,0,0,0,0
Forp,1,0,0,1,0,0,0,0,0
Stoffel,1,0,0,1,1,1,0,0,0
7,1,,,,,,,,0
Lulu,1,2,4,2,1,0,0,0,0
Jimmy Dean,1,2,2,0,0,0,0,0,0
Zest,1,0,2,3,0,1,0,0,0
Exxpo,1,0,1,3,0,0,0,0,0
Pam,1,0,0,1,1,0,0,0,0
Forp,1,0,2,1,1,1,0,0,0
Stoffel,1,0,1,1,0,1,0,0,0
8,1,,,,,,,,1
Lulu,1,1,2,1,1,0,0,0,1
Jimmy Dean,1,2,3,2,0,1,0,0,1
Zest,1,0,1,3,1,1,0,0,1
Exxpo,1,0,1,2,0,0,0,0,1
Pam,1,0,2,1,0,0,1,0,1
Forp,1,0,0,1,1,0,0,1,1
Stoffel,1,0,2,2,1,1,0,0,1
9,0,,,,,,,,1
Chooch,0,0,4,1,1,1,0,0,1
Rook,0,2,3,1,1,1,0,0,1
Bones,0,0,0,1,1,0,0,0,1
Teezo,0,0,0,3,1,1,0,0,1
Babe,0,0,2,1,1,1,1,0,1
Ness,0,0,0,1,1,1,0,1,1
Edna Mode,0,0,1,2,0,1,0,0,1
10,0,,,,,,,,1
Lulu,0,2,2,0,0,1,0,0,1
Jimmy Dean,0,1,3,0,1,0,0,0,1
Zest,0,0,1,1,1,1,0,0,1
Exxpo,0,0,0,2,0,1,0,0,1
PJ,0,0,1,1,1,0,0,0,1
Chooch,0,1,3,2,0,0,1,0,1
Stoffel,0,0,0,2,0,1,0,1,1
11,0,,,,,,,,0
Snooze,0,1,4,2,1,0,0,0,0
Swiper,0,1,4,0,1,1,0,0,0
Ness,0,0,0,2,1,1,0,0,0
Edna Mode,0,0,0,3,1,0,0,0,0
Vogue,0,0,0,2,1,1,0,0,0
Muffin,0,0,2,1,0,0,0,0,0
Scuzz,0,0,0,1,0,1,0,0,0
12,1,,,,,,,,0
Chooch,1,0,4,1,1,0,0,0,0
Rook,1,2,3,0,1,1,0,0,0
Bones,1,0,1,1,0,1,0,0,0
Teezo,1,0,1,2,0,0,0,0,0
Babe,1,0,1,3,0,0,0,0,0
Ness,1,0,2,2,1,0,0,0,0
Edna Mode,1,0,0,2,0,0,0,0,0
13,1,,,,,,,,0
Snooze,1,2,4,1,1,0,0,0,0
Rook,1,2,3,0,1,1,0,0,0
Bones,1,0,0,2,0,1,0,0,0
Teezo,1,0,1,2,0,1,0,0,0
Muffin,1,0,0,1,0,1,0,0,0
Ness,1,0,1,1,1,1,0,0,0
Edna Mode,1,0,1,2,1,0,0,0,0
14,1,,,,,,,,1
Rook,1,0,2,0,1,1,0,0,1
Swiper,1,2,2,1,0,1,0,0,1
Exxpo,1,0,2,1,0,0,0,0,1
Romeo,1,0,0,2,0,1,0,0,1
Vogue,1,0,0,2,0,0,0,0,1
Muffin,1,0,0,1,0,1,1,0,1
Scuzz,1,0,1,3,1,0,0,1,1
15,0,,,,,,,,1
Lulu,0,2,4,1,0,1,0,0,1
Vogue,0,0,1,2,1,0,0,0,1
Zest,0,0,2,1,1,0,0,0,1
Exxpo,0,0,2,3,1,1,1,0,1
Edna Mode,0,0,0,1,1,1,0,0,1
Forp,0,0,1,3,1,1,0,1,1
Burro,0,0,0,1,1,0,0,0,1
16,0,,,,,,,,0
Lulu,0,1,2,0,1,1,0,0,0
Jimmy Dean,0,2,4,0,1,1,0,0,0
Romeo,0,0,1,1,0,0,0,0,0
Exxpo,0,0,0,3,0,1,0,0,0
Pam,0,0,0,2,0,1,0,0,0
Forp,0,0,0,1,0,0,0,0,0
Stoffel,0,0,0,3,0,1,0,0,0
17,1,,,,,,,,1
Lulu,1,1,2,0,0,1,0,0,1
Jimmy Dean,1,1,3,1,0,0,0,0,1
PJ,1,0,2,2,1,0,0,0,1
Romeo,1,0,1,3,0,0,0,0,1
Vogue,1,0,2,1,0,1,1,0,1
Forp,1,0,2,2,1,1,0,1,1
Scuzz,1,0,0,2,1,1,0,0,1
18,0,,,,,,,,1
Lulu,0,0,2,0,0,0,0,0,1
Jimmy Dean,0,2,3,1,1,0,0,0,1
Zest,0,0,1,1,1,0,0,0,1
Exxpo,0,0,1,1,0,0,0,0,1
Pam,0,0,2,3,0,1,1,0,1
Forp,0,0,2,3,0,1,0,1,1
Stoffel,0,0,1,1,1,0,0,0,1
19,0,,,,,,,,1
Lulu,0,2,2,1,0,1,0,0,1
PJ,0,0,1,2,0,0,0,0,1
Zest,0,0,2,2,1,0,0,0,1
Romeo,0,0,0,1,1,1,0,0,1
Scuzz,0,0,1,3,0,1,1,0,1
Forp,0,0,1,2,0,1,0,1,1
Stoffel,0,0,1,1,0,0,0,0,1
20,0,,,,,,,,1
Snooze,0,1,2,0,1,1,0,0,1
Swiper,0,1,2,1,1,0,0,0,1
PJ,0,0,0,3,1,0,0,0,1
Romeo,0,0,2,2,0,0,1,0,1
Vogue,0,0,0,1,0,0,0,1,1
Rook,0,2,4,2,0,0,0,0,1
Scuzz,0,0,2,3,1,1,0,0,1
21,0,,,,,,,,1
Chooch,0,0,2,1,1,1,0,0,1
Rook,0,2,4,1,0,0,0,0,1
Bones,0,0,0,2,0,0,0,0,1
Teezo,0,0,1,2,1,0,0,0,1
Babe,0,0,1,1,1,0,0,0,1
Ness,0,0,2,3,0,1,1,0,1
Edna Mode,0,0,1,1,0,0,0,1,1
22,0,,,,,,,,0
Snooze,0,2,2,2,1,1,0,0,0
Swiper,0,0,4,2,1,1,0,0,0
PJ,0,0,0,3,1,1,0,0,0
Romeo,0,0,1,2,0,1,0,0,0
Vogue,0,0,1,1,1,1,0,0,0
Muffin,0,0,2,1,0,1,0,0,0
Scuzz,0,0,2,1,1,0,0,0,0
23,1,,,,,,,,0
Snooze,1,2,2,1,0,0,0,0,0
Swiper,1,1,2,0,0,0,0,0,0
Burro,1,0,0,3,1,1,0,0,0
Forp,1,0,0,2,1,0,0,0,0
Vogue,1,0,2,1,0,0,0,0,0
Muffin,1,0,1,1,1,1,0,0,0
Rook,1,1,2,1,0,1,0,0,0
24,1,,,,,,,,1
Snooze,1,0,2,1,0,0,0,0,1
Swiper,1,2,4,0,0,1,0,0,1
PJ,1,0,2,2,1,1,0,0,1
Romeo,1,0,1,3,1,0,0,0,1
Vogue,1,0,0,1,0,1,0,0,1
Muffin,1,0,1,2,0,1,1,0,1
Scuzz,1,0,0,0,0,0,0,1,1